<?xml version="1.0" encoding="UTF-8"?>
<configurationDescriptor version="97">
  <logicalFolder name="root" displayName="root" projectFiles="true" kind="ROOT">
    <logicalFolder name="HeaderFiles"
                   displayName="Header Files"
                   projectFiles="true">
      <itemPath>inventory.h</itemPath>
    </logicalFolder>
    <logicalFolder name="ResourceFiles"
                   displayName="Resource Files"
                   projectFiles="true">
    </logicalFolder>
    <logicalFolder name="SourceFiles"
                   displayName="Source Files"
                   projectFiles="true">
      <itemPath>augmented.txt</itemPath>
      <itemPath>decrypted.txt</itemPath>
      <itemPath>encrypted.txt</itemPath>
      <itemPath>filterOg.txt</itemPath>
      <itemPath>joke.txt</itemPath>
      <itemPath>main.cpp</itemPath>
      <itemPath>p1.txt</itemPath>
      <itemPath>p2.dat</itemPath>
      <itemPath>p5.txt</itemPath>
      <itemPath>punchline.txt</itemPath>
      <itemPath>search.txt</itemPath>
      <itemPath>toEncrypt.txt</itemPath>
    </logicalFolder>
    <logicalFolder name="TestFiles"
                   displayName="Test Files"
                   projectFiles="false"
                   kind="TEST_LOGICAL_FOLDER">
    </logicalFolder>
    <logicalFolder name="ExternalFiles"
                   displayName="Important Files"
                   projectFiles="false"
                   kind="IMPORTANT_FILES_FOLDER">
      <itemPath>Makefile</itemPath>
    </logicalFolder>
  </logicalFolder>
  <projectmakefile>Makefile</projectmakefile>
  <confs>
    <conf name="Debug" type="1">
      <toolsSet>
        <compilerSet>default</compilerSet>
        <dependencyChecking>true</dependencyChecking>
        <rebuildPropChanged>false</rebuildPropChanged>
      </toolsSet>
      <compileType>
      </compileType>
      <item path="augmented.txt" ex="false" tool="3" flavor2="0">
      </item>
      <item path="decrypted.txt" ex="false" tool="3" flavor2="0">
      </item>
      <item path="encrypted.txt" ex="false" tool="3" flavor2="0">
      </item>
      <item path="filterOg.txt" ex="false" tool="3" flavor2="0">
      </item>
      <item path="inventory.h" ex="false" tool="3" flavor2="0">
      </item>
      <item path="joke.txt" ex="false" tool="3" flavor2="0">
      </item>
      <item path="main.cpp" ex="false" tool="1" flavor2="0">
      </item>
      <item path="p1.txt" ex="false" tool="3" flavor2="0">
      </item>
      <item path="p2.dat" ex="false" tool="3" flavor2="0">
      </item>
      <item path="p5.txt" ex="false" tool="3" flavor2="0">
      </item>
      <item path="punchline.txt" ex="false" tool="3" flavor2="0">
      </item>
      <item path="search.txt" ex="false" tool="3" flavor2="0">
      </item>
      <item path="toEncrypt.txt" ex="false" tool="3" flavor2="0">
      </item>
    </conf>
    <conf name="Release" type="1">
      <toolsSet>
        <compilerSet>default</compilerSet>
        <dependencyChecking>true</dependencyChecking>
        <rebuildPropChanged>false</rebuildPropChanged>
      </toolsSet>
      <compileType>
        <cTool>
          <developmentMode>5</developmentMode>
        </cTool>
        <ccTool>
          <developmentMode>5</developmentMode>
        </ccTool>
        <fortranCompilerTool>
          <developmentMode>5</developmentMode>
        </fortranCompilerTool>
        <asmTool>
          <developmentMode>5</developmentMode>
        </asmTool>
      </compileType>
      <item path="augmented.txt" ex="false" tool="3" flavor2="0">
      </item>
      <item path="decrypted.txt" ex="false" tool="3" flavor2="0">
      </item>
      <item path="encrypted.txt" ex="false" tool="3" flavor2="0">
      </item>
      <item path="filterOg.txt" ex="false" tool="3" flavor2="0">
      </item>
      <item path="inventory.h" ex="false" tool="3" flavor2="0">
      </item>
      <item path="joke.txt" ex="false" tool="3" flavor2="0">
      </item>
      <item path="main.cpp" ex="false" tool="1" flavor2="0">
      </item>
      <item path="p1.txt" ex="false" tool="3" flavor2="0">
      </item>
      <item path="p2.dat" ex="false" tool="3" flavor2="0">
      </item>
      <item path="p5.txt" ex="false" tool="3" flavor2="0">
      </item>
      <item path="punchline.txt" ex="false" tool="3" flavor2="0">
      </item>
      <item path="search.txt" ex="false" tool="3" flavor2="0">
      </item>
      <item path="toEncrypt.txt" ex="false" tool="3" flavor2="0">
      </item>
    </conf>
  </confs>
</configurationDescriptor>
